FirstName,LastName,Email,Password,Suffix,Country,Service,AttachmentPath,Description
Valerie,Brown,valerie.brown@example.com,A3vaX9Jc($rF,Mr,Pakistan,Type Setting,C:\Users\Noor Ul Ain\PycharmProjects\PythonProject\Valerie_Brown_attachment.docx,Form submitted by Valerie for Type Setting
Mary,Williams,mary.williams@example.com,lAt$z$feC0kj,Mr,Pakistan,Type Setting,C:\Users\Noor Ul Ain\PycharmProjects\PythonProject\Mary_Williams_attachment.docx,Form submitted by Mary for Type Setting
Brandy,Martin,brandy.martin@example.com,w4J4J3)TMqh@,Mr,Pakistan,Type Setting,C:\Users\Noor Ul Ain\PycharmProjects\PythonProject\Brandy_Martin_attachment.docx,Form submitted by Brandy for Type Setting
Julie,Nelson,julie.nelson@example.com,hg5ITV59mLCj,Ms,Pakistan,Type Setting,C:\Users\Noor Ul Ain\PycharmProjects\PythonProject\Julie_Nelson_attachment.docx,Form submitted by Julie for Type Setting
Thomas,Smith,thomas.smith@example.com,Thomas@123,Mrs,Pakistan,Type Setting,C:\Users\Noor Ul Ain\PycharmProjects\PythonProject\Thomas_Smith_attachment.pdf,Form submitted by Thomas for Type Setting
Maria,Glenn,maria.glenn@example.com,Maria@123,Ms,Pakistan,Type Setting,C:\Users\Noor Ul Ain\PycharmProjects\PythonProject\Maria_Glenn_attachment.pdf,Form submitted by Maria for Type Setting
Anne,Simon,anne.simon@example.com,Anne@123,Mr,Pakistan,Type Setting,C:\Users\Noor Ul Ain\PycharmProjects\PythonProject\Anne_Simon_attachment.pdf,Form submitted by Anne for Type Setting
Jacob,Gallagher,jacob.gallagher@example.com,Jacob@123,Mrs,Pakistan,Type Setting,C:\Users\Noor Ul Ain\PycharmProjects\PythonProject\all_users_pdf_files\Jacob_Gallagher_attachment.pdf,Form submitted by Jacob for Type Setting
Jennifer,Lee,jennifer.lee@example.com,Jennifer@123,Mr,Pakistan,Type Setting,C:\Users\Noor Ul Ain\PycharmProjects\PythonProject\all_users_pdf_files\Jennifer_Lee_attachment.pdf,Form submitted by Jennifer for Type Setting
Gregory,Wood,gregory.wood@example.com,Gregory@123,Mrs,Pakistan,Type Setting,C:\Users\Noor Ul Ain\PycharmProjects\PythonProject\all_users_pdf_files\Gregory_Wood_attachment.pdf,Form submitted by Gregory for Type Setting
Ricky,Leonard,ricky.leonard@example.com,Ricky@123,Ms,Pakistan,Type Setting,C:\Users\Noor Ul Ain\PycharmProjects\PythonProject\all_users_pdf_files\Ricky_Leonard_attachment.pdf,Form submitted by Ricky for Type Setting
Jonathan,Kelly,jonathan.kelly@example.com,Jonathan@123,Ms,Pakistan,Type Setting,C:\Users\Noor Ul Ain\PycharmProjects\PythonProject\all_users_pdf_files\Jonathan_Kelly_attachment.pdf,Form submitted by Jonathan for Type Setting
Kimberly,Wright,kimberly.wright@example.com,Kimberly@123,Ms,Pakistan,Type Setting,C:\Users\Noor Ul Ain\PycharmProjects\PythonProject\all_users_pdf_files\Kimberly_Wright_attachment.pdf,Form submitted by Kimberly for Type Setting
Anne,Wilkins,anne.wilkins@example.com,Anne@123,Mrs,Pakistan,Type Setting,C:\Users\Noor Ul Ain\PycharmProjects\PythonProject\all_users_pdf_files\Anne_Wilkins_attachment.pdf,Form submitted by Anne for Type Setting
Kristina,Gonzalez,kristina.gonzalez@example.com,Kristina@123,Mr,Pakistan,Figure Improvement,C:\Users\Noor Ul Ain\PycharmProjects\PythonProject\all_users_pdf_files\Kristina_Gonzalez_Figure Improvement_attachment.pdf,Form submitted by Kristina for service - Figure Improvement
Wesley,Orr,wesley.orr@example.com,Wesley@123,Mrs,Pakistan,Figure Improvement,C:\Users\Noor Ul Ain\PycharmProjects\PythonProject\all_users_pdf_files\Wesley_Orr_Figure Improvement_attachment.pdf,Form submitted by Wesley for service - Figure Improvement
Phillip,Kelley,phillip.kelley@example.com,Phillip@123,Mr,Pakistan,Type Setting,C:\Users\Noor Ul Ain\PycharmProjects\PythonProject\all_users_pdf_files\Phillip_Kelley_Type Setting_attachment.pdf,Form submitted by Phillip for service - Type Setting
Phillip,Kelley,phillip.kelley@example.com,Phillip@123,Mr,Pakistan,Figure Improvement,C:\Users\Noor Ul Ain\PycharmProjects\PythonProject\all_users_pdf_files\Phillip_Kelley_Figure Improvement_attachment.pdf,Form submitted by Phillip for service - Figure Improvement
Darryl,Rogers,darryl.rogers@example.com,Darryl@123,Mr,Pakistan,Copy Editing,C:\Users\Noor Ul Ain\PycharmProjects\PythonProject\all_users_pdf_files\Darryl_Rogers_Copy Editing_attachment.pdf,Form submitted by Darryl for service - Copy Editing
Darryl,Rogers,darryl.rogers@example.com,Darryl@123,Mr,Pakistan,Copy Editing,C:\Users\Noor Ul Ain\PycharmProjects\PythonProject\all_users_pdf_files\Darryl_Rogers_Copy Editing_attachment.pdf,Form submitted by Darryl for service - Copy Editing
Ariana,Thompson,ariana.thompson@example.com,Ariana@123,Ms,Pakistan,Figure Improvement,C:\Users\Noor Ul Ain\PycharmProjects\PythonProject\all_users_pdf_files\Ariana_Thompson_Figure Improvement_attachment.pdf,Form submitted by Ariana for service - Figure Improvement
Ariana,Thompson,ariana.thompson@example.com,Ariana@123,Ms,Pakistan,Figure Improvement,C:\Users\Noor Ul Ain\PycharmProjects\PythonProject\all_users_pdf_files\Ariana_Thompson_Figure Improvement_attachment.pdf,Form submitted by Ariana for service - Figure Improvement
Michele,Weaver,michele.weaver@example.com,Michele@123,Ms,Pakistan,Figure Improvement,C:\Users\Noor Ul Ain\PycharmProjects\PythonProject\all_users_pdf_files\Michele_Weaver_Figure Improvement_attachment.pdf,Form submitted by Michele for service - Figure Improvement
Michele,Weaver,michele.weaver@example.com,Michele@123,Ms,Pakistan,Figure Improvement,C:\Users\Noor Ul Ain\PycharmProjects\PythonProject\all_users_pdf_files\Michele_Weaver_Figure Improvement_attachment.pdf,Form submitted by Michele for service - Figure Improvement
